x_utm,y_utm,depth,
469900.605803,1324459.36257,0.6
470168.190535,1324187.03059,7.0
470450.103228,1324143.79445,0.9
470492.593351,1324344.22169,7.8
470408.247056,1324587.7313,3.9
470591.599387,1324673.46657,7.0
470661.234271,1323799.9266,3.3
471140.852309,1324100.16564,3.6
471592.008223,1324128.37424,7.0
471789.712908,1324486.16803,2.7
472043.336306,1324342.739,2.4
472085.296788,1323984.7201,7.9
471140.384936,1323613.3132,5.2
472338.425267,1323297.16507,4.5
472309.820362,1322853.29671,3.3
471605.159419,1323126.01812,3.6
471492.210728,1322954.29466,5.5
471055.259426,1323054.94627,3.0
471040.954397,1322840.17211,9.0
470378.373136,1322883.77478,7.3
469757.556003,1322397.53941,0.3
469348.303115,1322011.33484,2.1
469898.269823,1322125.33352,0.9
469559.278092,1321509.94875,3.0
469248.208306,1320636.7937,0.3
469671.551159,1320994.34447,0.8
469797.540426,1320092.10915,3.0
469754.767489,1319619.61905,0.9
470008.480076,1319533.45065,2.7
470050.97892,1319733.87688,0.6
470445.774229,1319733.48742,2.1
470601.207402,1320076.99563,2.0
470559.132129,1320306.14349,0.6
470743.079761,1320978.96574,0.3
470545.92831,1321222.58394,1.2
470828.035748,1321351.18207,18.0
471391.644883,1320978.34294,0.6
472039.837713,1320576.79783,0.3
471771.452589,1320047.23896,1.5
471051.874409,1319532.43126,0.3
471756.977421,1319646.31606,2.1
472504.922579,1320361.5826,1.2
472391.601981,1319788.91998,5.8
472673.636584,1319831.62056,3.0
473096.399485,1319573.49584,0.3
473336.553195,1320088.77174,3.3
473745.342841,1319973.85987,1.5
473266.651901,1320761.83364,0.9
473463.941526,1320647.10607,3.3
473915.047061,1320560.79738,8.6
472776.297492,1324213.19335,11.2
473100.749856,1324442.00819,8.5
473298.218031,1324556.38556,2.1
473213.020166,1323869.14053,8.5
473381.801585,1323425.0961,8.5
473240.667955,1323253.39124,2.1
473804.569123,1323224.25648,1.2
473706.119844,1323496.40665,12.5
473904.051689,1324140.59707,19.6
474101.864219,1324655.91636,15.8
474383.350136,1324111.54639,25.5
474453.169665,1323323.93272,22.0
474156.912452,1323095.07918,7.8
474438.670012,1322851.41269,0.9
474635.913876,1322693.73502,7.9
474692.500208,1322922.79389,16.1
475384.711811,1324626.19957,27.5
475920.163981,1324310.7441,36.0
475552.880174,1323394.61446,38.0
475467.859661,1322864.87502,34.0
475312.132108,1322077.44924,18.6
475748.799247,1321590.24358,23.5
475283.159082,1321132.40972,9.7
475607.404268,1321089.18803,10.0
475748.626297,1321375.45669,20.0
476101.26065,1321575.64268,30.0
475945.829515,1321146.19245,15.8
476001.952267,1320802.4886,6.7
475987.373865,1320201.09699,4.8
475352.811605,1320101.37521,2.7
476099.852547,1319800.07229,1.2
474295.267123,1320016.34347,1.8
473703.068759,1320002.53499,1.5
474182.690542,1320274.18413,3.3
474324.198299,1320875.46716,1.2
476339.683044,1319971.71256,7.0
476438.06745,1319570.70034,2.4
476832.852239,1319556.07542,22.0
476622.064948,1320472.66137,23.5
477002.760384,1320486.68762,44.0
476848.238883,1321231.40016,45.0
476580.968978,1322019.15888,44.0
476609.956599,1323035.79511,47.0
476947.579112,1322076.15245,50.0
477174.635621,1324023.38213,51.0
477921.01775,1322934.57034,58.0
477835.373789,1321502.72088,50.0
478116.09442,1319769.90358,56.0
479302.135081,1322188.99439,66.0
479556.970602,1323749.60407,66.0
479866.740261,1323176.63023,60.0
480217.923283,1321243.31793,69.0
480386.142707,1319754.02269,73.0
481331.827037,1321371.47883,73.0
481262.241314,1322832.06997,71.0
481093.953164,1324249.76732,69.0
476677.056552,1318654.09184,2.8
476944.54628,1318109.76067,6.4
477028.735624,1317565.57106,3.9
477211.926986,1317407.92237,14.0
478509.205203,1317406.97178,67.0
480469.934792,1318508.20873,73.0
482983.212602,1324563.65854,73.0
482714.562102,1323174.85881,73.0
482516.090568,1321284.85363,75.0
481951.238518,1319796.00264,76.0
482965.229148,1317690.51171,82.0
484460.888945,1319608.45735,80.0
484236.153688,1321255.26622,78.0
484194.86419,1323174.04453,75.0
485520.727716,1324505.05216,43.0
485873.070448,1324304.41717,50.0
486789.362155,1324189.44772,47.0
485604.791453,1323416.76109,78.0
485914.216614,1321855.83549,80.0
486110.767015,1320051.54293,82.0
487266.28431,1318518.89588,85.0
490410.40758,1317773.14467,88.0
489141.893303,1319277.07128,84.0
488226.12032,1321124.571,82.0
487437.218632,1322671.3481,80.0
488269.746269,1324532.49135,55.0
489087.003453,1323443.93395,78.0
489988.744109,1321854.20501,80.0
490496.921581,1323830.07005,75.0
490933.874886,1323572.19198,72.0
491172.498068,1320020.99806,83.0
492962.684042,1318058.82225,86.0
492977.337814,1320435.77538,82.0
495063.847981,1319246.88313,84.0
497362.000387,1317728.78061,85.0
494810.30345,1320721.78453,75.0
493654.493109,1322268.46144,63.0
492414.110315,1323399.95343,67.0
491455.586509,1323887.05854,59.0
491765.897756,1324474.05357,44.0
492357.911342,1324158.87777,35.0
492851.215505,1323686.22745,39.0
493415.072488,1323428.3557,34.0
493598.23315,1322898.51131,45.0
494232.660527,1322941.34013,33.0
495106.512675,1321494.96247,41.0
496022.790988,1320377.94361,41.0
497192.964781,1319575.94712,36.0
497291.620631,1319103.41083,50.0
498306.785785,1318516.25767,41.0
499505.288264,1317385.01369,41.0
492231.13645,1324559.84407,23.0
493443.340215,1323757.68777,26.0
494021.267482,1323342.31476,29.0
494782.499554,1322998.51593,25.5
495980.638021,1321466.19507,26.0
496544.4713,1320406.51733,23.0
498236.327226,1319246.53088,27.0
499519.406812,1318501.89501,24.0
499942.413193,1317857.53641,27.0
499956.514407,1318315.74424,17.0
499265.611653,1318888.51315,19.0
498433.743756,1319590.17618,13.0
498067.176066,1319991.12978,14.0
498306.868556,1319991.11536,10.0
497094.34102,1320349.18324,13.2
495882.024259,1322038.96968,16.9
495205.48298,1323241.86932,15.0
494514.778262,1323786.1113,17.0
493950.812072,1323514.15747,18.0
493725.320146,1323872.18004,8.6
493542.0925,1324072.68564,16.0
493231.95379,1324115.71106,11.2
492541.297635,1324631.36081,15.0
492921.866539,1324373.52559,6.0
493189.71605,1324359.14463,1.6
493401.238593,1324631.15962,1.8
493584.510799,1324659.75806,9.0
494345.739523,1324502.09547,10.0
494698.19346,1324602.26464,5.0
494881.437738,1324473.36132,7.4
495050.569555,1324244.22806,0.4
494909.562326,1324058.10389,4.0
495233.83115,1324201.24127,5.8
495374.840105,1324416.00509,0.8
495501.610355,1323700.03314,8.8
495755.310555,1323270.42479,7.2
496008.966739,1322454.20465,8.0
496319.047659,1321766.85144,0.4
496502.304526,1321537.72511,3.2
497587.817429,1320320.50167,7.5
497912.099765,1320263.2014,4.5
498349.168798,1320019.75105,10.0
498588.859717,1319991.10085,7.4
498997.747372,1320005.4035,3.7
498870.837472,1319633.11368,8.0
499124.618814,1319160.57799,2.5
499942.414504,1318544.84824,5.6
500774.358024,1317385.01956,14.2
500929.455097,1317757.3177,2.2
505568.622234,1317385.5228,1.2
505455.686677,1318101.45209,1.1
505709.481169,1318173.09402,11.1
505455.627169,1318430.78915,4.5
504990.118633,1319633.50535,6.9
504186.241216,1321022.32794,4.7
503410.720594,1321652.26737,8.2
503593.979131,1321867.07416,10.0
503579.836177,1322239.36737,5.9
502917.17441,1322568.6337,0.5
503509.256803,1322983.94911,2.5
503184.886925,1324043.52252,2.7
503593.684874,1324329.94969,5.0
503762.892857,1324029.27027,5.6
504115.354191,1323886.12593,4.1
504002.585644,1323785.87735,9.1
504016.727424,1323456.5411,5.9
504143.67002,1323012.66789,11.6
503833.516284,1322969.66964,5.5
504045.031127,1322654.67841,8.3
503551.640851,1322225.045,5.9
503368.421044,1321680.90067,8.2
503622.183385,1321809.80141,10.0
504087.43107,1321881.45614,17.8
503960.593836,1321494.82534,13.0
504242.579045,1321437.58762,9.8
504538.750534,1320807.5936,15.8
504708.043571,1320148.94458,13.2
505173.481419,1319246.9229,12.0
506174.879713,1317757.93457,26.0
505681.148297,1318874.71995,25.5
505384.91106,1319633.57325,24.0
505032.288769,1320406.73933,25.6
504764.230974,1321480.62271,27.5
504961.492383,1322225.24437,27.0
504355.06757,1323528.18344,23.5
504538.171696,1324645.09676,27.5
504622.903548,1323685.73297,31.0
505116.62474,1321938.8896,30.0
505496.901061,1324058.17547,35.0
505863.800271,1322211.08758,37.0
505652.599203,1320736.18683,35.0
506442.629342,1318516.89768,35.0
506653.890018,1319619.50749,37.0
506836.845614,1321123.04605,36.0
507401.720406,1317400.23526,36.0
507188.88042,1322970.28435,38.0
506483.721761,1324129.96743,39.0
507808.790903,1324545.53536,41.0
508697.260819,1323400.25431,39.0
508613.099229,1321911.04876,34.0
508232.873348,1320307.21037,40.0
507951.273707,1318832.27564,35.0
508755.303923,1317715.61529,33.0
509557.014312,1324102.14941,43.0
510558.344652,1322971.27825,44.0
509374.213527,1322598.59052,32.0
510629.230016,1321854.41683,42.0
509910.436401,1321123.90036,39.0
510587.72874,1319591.99381,37.0
509925.524941,1318116.90949,30.5
510505.935811,1316236.76564,33.0
510024.932309,1315566.96607,29.5
509739.976724,1314879.13877,33.0
509758.121409,1313883.74035,30.5
510310.719362,1313775.33384,29.5
510097.071207,1313033.23365,31.0
509277.152262,1312924.38222,35.0
509562.622208,1312073.85379,26.0
510169.250711,1310409.01435,25.0
509866.574688,1309250.62928,22.0
509902.588596,1308146.65112,18.4
505729.155072,1317158.49527,3.7
505658.314916,1314751.41297,5.5
505551.407281,1314552.31246,4.1
505408.846491,1314371.30421,6.0
505088.064797,1314045.48028,8.0
504749.457247,1313683.46057,2.4
504161.318395,1313140.42719,9.2
503573.064625,1313393.72733,2.6
503056.12851,1313556.55486,0.8
502877.867553,1313701.32325,2.1
504196.970835,1313122.33388,9.2
502164.830419,1314425.1933,9.0
502004.343038,1315474.88044,3.2
501861.725359,1315945.42591,2.1
501754.76973,1316216.89338,7.5
501309.156424,1317013.1944,3.3
501237.895333,1316289.26084,16.8
501701.332844,1315637.74615,14.1
502022.202906,1314931.9342,14.0
502236.145961,1314171.82315,12.0
503216.577888,1313303.19626,12.8
505034.681704,1313502.52428,17.4
505319.782478,1314045.52008,16.0
505783.128012,1314516.15933,13.4
506228.389363,1316181.28732,13.8
505960.909615,1316850.86941,10.8
506566.931561,1316633.8157,22.5
506317.656457,1315457.37531,22.0
506193.020806,1314823.91063,25.5
505836.736504,1313810.33816,27.0
506335.851166,1313683.75074,24.0
507458.639514,1314353.64141,27.0
505854.63451,1313430.27865,19.4
504856.518235,1312977.64655,22.0
503733.537021,1312995.58569,22.0
502717.489651,1313212.65628,20.4
502307.48061,1313683.17621,22.5
501808.362459,1314153.69636,23.0
501968.755889,1314551.86759,24.0
501220.089745,1315854.90195,22.0
500721.008744,1316976.97811,26.0
500560.624538,1315891.07905,36.0
500257.633385,1315221.43967,51.0
500952.775152,1314714.70274,40.0
500631.959851,1313882.17548,32.0
500578.494562,1313447.81691,33.0
500970.642101,1313375.43403,40.0
500239.829704,1312687.68702,46.0
500721.105309,1312922.97149,35.0
500400.265606,1312018.05481,37.0
500917.193357,1312524.81599,47.0
501558.853897,1313520.24439,30.0
502325.333029,1313321.21301,30.0
501844.101491,1312669.64392,30.0
501416.277959,1313049.68355,55.0
502450.145067,1312850.66903,58.0
503305.791033,1312488.78585,37.0
503697.913405,1312778.40264,46.0
503840.533177,1312633.6346,50.0
504090.143015,1312217.40822,49.0
503626.733856,1311764.89396,31.0
504464.523998,1311909.79135,34.0
504803.232188,1311783.15558,30.0
505159.692122,1312108.98197,38.0
504428.803923,1312380.33973,53.0
505159.605924,1312615.73211,25.5
505373.451531,1312941.5373,35.0
506122.046733,1313231.25091,36.0
506870.672831,1313321.90253,36.0
506086.5749,1312344.43063,48.0
506995.593062,1312688.49296,38.0
506799.381482,1313285.68998,36.0
507690.667283,1313123.01889,39.0
508100.525906,1313557.4834,46.0
508688.965179,1312779.42206,39.0
507779.550613,1314064.15016,31.0
508224.920595,1314951.08227,33.0
508545.382997,1316254.24636,31.0
508493.070505,1312127.83022,24.0
507726.672247,1311729.46445,21.5
506514.474843,1311928.26042,20.4
506443.306576,1311294.80771,25.0
505391.492137,1311728.95975,22.0
505552.003782,1311294.63162,23.0
504660.687199,1311384.97274,25.0
505142.047445,1311041.18453,20.0
504054.646735,1311059.11806,23.0
504001.113305,1311475.36967,28.0
503056.360104,1311258.08139,21.0
502646.335221,1311547.61415,25.0
502236.383499,1310950.3405,21.0
501434.203918,1310914.09562,23.5
502254.129108,1312036.23411,20.0
502574.973257,1312235.33998,28.5
501737.178032,1312180.9858,27.0
500845.90669,1311999.96575,26.0
500632.022824,1310859.77374,20.6
500239.849152,1310226.33137,24.0
500667.714399,1309086.15225,28.5
500863.832141,1308488.91749,14.8
500739.019375,1309267.13567,12.2
501077.691327,1310552.11698,12.5
501255.929223,1311203.65891,13.4
501861.997817,1311511.35949,10.4
501523.349802,1310624.52883,14.0
502075.970743,1310606.46338,10.8
502789.00062,1310914.18983,11.8
503573.365175,1310841.8792,11.4
502913.833145,1310407.45206,11.0
503965.600855,1310407.57115,13.8
504714.263545,1310751.54387,16.0
504803.461227,1310335.29929,10.4
505320.404586,1310498.2692,15.0
506104.720657,1310751.79153,14.6
506176.158615,1310100.27076,10.8
507031.717357,1310643.40276,12.8
506835.724243,1310209.00117,11.6
507477.29374,1310987.37516,18.0
508582.403109,1311403.92639,18.2
508065.799991,1310082.61538,13.0
507762.851167,1309666.2779,12.6
508369.104286,1309177.78747,16.0
508975.200656,1309286.5495,16.4
508262.351836,1308399.53617,12.8
508797.221326,1308272.99882,16.4
507959.180474,1308779.51725,9.0
507566.871099,1309195.67545,7.2
507156.749671,1309593.73638,6.5
507085.504711,1309322.24681,3.4
506657.596049,1309575.52477,1.4
506283.205217,1309684.03423,4.4
506069.234217,1309919.26726,7.2
505570.131812,1309647.69882,2.4
504767.915895,1309647.5624,4.5
504589.626572,1309774.22228,9.2
504625.330029,1309448.46032,1.4
504197.478775,1309448.39824,2.6
503733.944371,1309683.61418,9.6
503894.438344,1309285.47427,7.4
503983.624281,1308905.42405,0.6
503359.683428,1308724.36697,1.8
503537.89164,1309303.52887,4.2
503003.037538,1309683.53318,3.6
502664.35318,1309357.73432,1.8
503323.887832,1310009.33395,6.0
503199.056372,1310425.57895,7.0
502664.286551,1310117.85809,4.6
502468.218868,1309792.07416,6.4
502343.458254,1309430.10062,2.5
502165.176511,1309574.87285,0.4
501844.2697,1309900.61901,3.0
501879.889842,1310443.56687,8.8
501095.523685,1310389.23388,8.0
501166.837649,1310190.15645,1.2
500952.926372,1309900.57799,6.0
501024.25396,1309303.3403,1.2
501095.584993,1308688.00483,2.2
499687.28422,1316234.94235,42.0
499152.529664,1314081.2613,68.0
499312.920635,1312814.38138,60.0
499865.504139,1313646.89219,49.0
499241.589701,1311601.80287,53.0
499740.712604,1311438.91067,43.0
499152.430556,1310534.01149,44.0
499776.352671,1309828.17113,36.0
499883.317528,1310714.98183,38.0
498635.405327,1309267.15731,82.0
497173.559989,1309140.5708,97.0
497316.327136,1310823.68935,86.0
496942.05814,1311656.24207,94.0
497120.500391,1313592.73402,89.0
498564.410818,1315909.20618,70.0
496603.799273,1315511.20115,90.0
495837.112038,1313520.49022,94.0
495462.467527,1311348.75766,98.0
495444.229131,1308597.83536,99.0
493911.222725,1309448.71819,102.0
492378.029582,1309213.78741,103.0
492057.559498,1310824.60935,101.0
491344.325445,1310191.36691,96.0
493519.307427,1310769.96763,98.0
492093.495004,1311910.49299,99.0
493911.88685,1312760.69011,99.0
494286.557184,1314570.44084,95.0
494750.270253,1316217.29813,92.0
492326.25144,1315946.34201,91.0
492254.425636,1313865.06074,95.0
486462.981481,1317305.77071,87.0
488583.761782,1317033.42051,88.0
483182.633774,1315515.68405,85.0
485392.963686,1315930.79725,88.0
487638.551933,1315549.73215,90.0
490258.599656,1315494.48036,91.0
489117.394756,1314119.40078,94.0
486889.044775,1313432.54904,88.0
485088.985834,1313940.13307,90.0
482860.917154,1313941.31162,82.0
482217.567124,1311100.25096,82.0
484072.03593,1312130.82258,74.0
486709.892507,1311369.42595,93.0
488706.81962,1312472.60992,95.0
490614.241687,1312815.82621,96.0
490025.433844,1311060.48566,98.0
487939.371813,1310065.84011,98.0
484605.373276,1309307.22023,90.0
487189.997991,1308527.79835,97.0
490060.529757,1309359.24223,102.0
480705.875598,1316657.35765,78.0
481382.190608,1315100.47673,80.0
481363.230934,1313254.46018,76.0
480167.975213,1311753.05912,75.0
481628.316495,1309471.7576,87.0
479221.483461,1309238.02967,75.0
478188.36713,1310451.33901,69.0
478956.594439,1312875.97057,75.0
478601.163659,1314396.47951,68.0
479386.210279,1315536.1306,74.0
477765.348938,1317021.34498,44.0
477889.234985,1315826.76134,46.0
477621.106401,1314777.25335,35.0
477673.751644,1313655.11668,35.0
477565.959278,1312515.00089,42.0
477547.316923,1311411.01674,43.0
477386.275589,1310596.71199,37.0
477153.985828,1309872.95337,39.0
476921.067407,1308334.77379,45.0
476618.271231,1308696.9709,26.0
476939.993189,1309782.62343,24.0
477065.67063,1310958.91873,26.0
477209.137658,1312099.00522,23.0
477245.617406,1313202.97647,21.2
477638.355895,1313999.01138,29.5
476783.095471,1314415.91707,24.0
477265.412729,1315827.22373,26.0
477266.310832,1317021.71624,25.0
476980.98074,1316804.75153,12.6
476802.251624,1316153.34623,10.7
476926.559233,1315556.00464,11.2
477229.248202,1315139.51283,13.3
476694.224544,1314741.75592,18.0
477335.067434,1313637.26976,13.4
477031.483807,1312895.4661,14.0
477031.017776,1312280.1229,12.8
476941.174745,1311339.07782,13.0
476904.710461,1310271.30463,15.0
476565.373905,1309457.14038,14.0
476315.228616,1308733.40194,12.1
475780.052535,1308299.46398,2.8
476030.014328,1308769.82195,7.0
476172.834061,1309023.08604,3.7
476209.098049,1309801.28506,2.4
476512.19982,1309855.34426,8.1
476797.984844,1310579.05734,6.4
476638.186066,1311411.70279,7.9
476781.030224,1311719.26481,0.2
476942.096219,1312551.66544,6.3
476835.406334,1312895.61526,2.1
476764.382859,1313257.63657,1.7
477264.039915,1313999.28999,5.5
476604.5446,1314017.89049,0.5
476230.555301,1314434.44407,1.8
476284.283429,1314760.17263,3.2
476195.461626,1315140.30823,1.1
476658.86931,1315121.84895,6.2
476695.130486,1315918.1496,1.5
476659.721022,1316225.84943,4.1
476731.348358,1316660.15553,0.1
475940.375159,1308136.45209,7.3
475761.993979,1308009.90552,0.2
475975.602708,1307593.47536,4.3
475779.217384,1307249.76337,0.8
475743.228801,1306833.53134,6.6
475528.658356,1306055.47667,5.1
475313.857643,1305005.94977,5.5
475099.367608,1304354.58636,4.8
475259.722502,1304209.66986,9.5
475045.433086,1303811.68249,0.8
475080.828424,1303485.88493,2.3
475151.812889,1303069.56728,0.9
475294.25603,1302816.07631,8.1
474972.85086,1302273.39041,6.1
474900.945744,1301567.61796,0.7
475043.423603,1301350.32259,7.5
474811.488366,1301205.72678,4.1
474829.037643,1300861.84594,8.5
474561.372797,1300644.88845,3.9
474614.494944,1300192.38868,8.9
474418.22961,1300065.86441,4.7
474560.230461,1299269.42451,2.5
474756.142479,1298961.59294,17.0
474863.781182,1299739.72759,13.7
474953.537916,1300463.58285,16.1
475240.103002,1302001.69922,13.9
475401.461426,1303087.46353,17.0
475384.30136,1303919.997,11.9
475742.076621,1305385.66993,16.7
475921.216376,1306453.3262,17.0
475993.159958,1307249.59397,14.0
476136.327365,1307937.21654,15.0
476206.734953,1306778.87097,21.0
476045.379494,1305638.80597,28.0
475920.072993,1305005.46528,27.0
475812.520069,1304281.6199,25.5
475687.074047,1303485.39637,27.0
475686.152505,1302327.10956,23.0
475328.589703,1301169.10904,21.0
475185.067354,1300101.42996,24.0
475006.119941,1299341.45047,21.0
475380.936446,1299739.30764,40.0
475399.699912,1300897.57843,37.0
475632.355356,1301947.08946,39.0
475972.081343,1303123.20596,45.0
476098.073876,1304625.26184,41.0
476277.500798,1306072.98299,40.0
476492.317288,1307194.90974,34.0
477366.509157,1307990.57179,69.0
476829.986838,1305782.98581,60.0
477202.970884,1303864.29034,71.0
477593.835611,1301945.58949,81.0
476166.219317,1300553.10592,75.0
479019.347931,1300460.5269,98.0
479520.20829,1302776.75586,95.0
479182.65052,1304586.80542,90.0
478845.436125,1306831.21926,82.0
480896.321882,1307752.87446,88.0
481198.340239,1306033.35427,85.0
481856.299453,1303137.24339,95.0
481230.807403,1300839.1528,101.0
479714.586782,1300116.19315,102.0
481836.019625,1299010.87475,109.0
482892.988494,1307588.80293,90.0
483016.555981,1305380.75172,96.0
483781.891356,1302864.6881,103.0
483352.990769,1301109.39729,708.0
483762.293374,1299534.63947,115.0
486098.31436,1299316.31326,109.0
485707.076194,1301651.15133,110.0
486047.648481,1305523.99995,99.0
487187.587634,1302790.67793,102.0
487116.919902,1304347.14864,101.0
487474.340533,1306337.79853,97.0
488632.408475,1304147.46699,104.0
489489.321531,1307223.84759,104.0
490202.215369,1306463.48666,98.0
490629.536206,1304599.24224,103.0
489844.234447,1302246.73593,106.0
487864.50722,1301125.37383,109.0
489576.048838,1300147.44534,110.0
491147.599433,1308019.64025,101.0
492091.900048,1305775.20774,101.0
491698.583072,1301829.91967,106.0
491715.665515,1299060.90685,112.0
493142.755973,1300997.04925,106.0
493161.094036,1303259.30851,103.0
493999.420796,1304688.88427,101.0
493892.745681,1306209.14943,101.0
493126.431934,1307693.36193,102.0
495032.856516,1300381.34923,90.0
494712.129112,1301865.4464,75.0
495175.964164,1303222.72769,81.0
496210.016856,1302154.79367,97.0
496513.433647,1304634.1991,95.0
496139.263591,1306679.33396,98.0
497708.283963,1307873.65386,91.0
499330.638932,1307964.06577,76.0
498956.203762,1306588.6165,84.0
498011.228579,1305846.63962,93.0
498100.218195,1303330.99456,93.0
499134.44559,1304959.77849,81.0
499722.807266,1302715.60114,83.0
500008.104628,1301756.40073,74.0
499936.775907,1300688.61374,86.0
499597.95031,1299711.32033,97.0
498741.962313,1299403.67638,97.0
498207.004102,1299946.64507,106.0
498242.744264,1301249.7047,104.0
498064.47884,1302100.32576,101.0
496834.117696,1302172.82079,104.0
496602.181,1301014.56776,99.0
497725.630551,1301412.62156,91.0
497333.259321,1300598.23943,106.0
496548.531819,1299657.21789,105.0
508603.638697,1299314.36793,70.0
500739.268689,1298969.30598,88.0
500507.424129,1299711.32189,81.0
500560.780018,1307475.41325,36.0
500596.471665,1305683.69735,33.0
500917.424205,1304869.28937,32.0
500560.862207,1303005.1747,31.0
500757.018247,1302353.64724,35.0
501149.347225,1301267.77391,44.0
501969.643222,1300833.46169,34.0
500792.729106,1300489.54508,38.0
500899.758393,1299295.07538,35.0
507052.191223,1299187.28512,40.0
508567.770115,1300038.28128,39.0
501077.799075,1307511.62347,22.0
500257.705104,1306769.58119,25.5
501291.785088,1306407.64454,24.0
500436.002984,1306009.46113,24.0
501951.527843,1305267.49686,23.0
501274.046133,1304253.96595,25.0
502112.114283,1303530.08774,26.0
501488.081372,1302751.83231,25.5
501951.73601,1302009.83631,31.0
502326.224659,1301647.90063,20.5
502647.140308,1302281.36007,27.0
502843.210798,1303077.69426,20.9
503859.583558,1302969.21708,22.0
503931.037581,1301955.7324,25.0
503360.425111,1301991.86057,19.1
503913.201433,1301991.9263,25.0
502736.431288,1300779.22639,28.5
503788.542313,1300688.8481,23.5
503948.86676,1301973.83279,25.0
503449.584622,1301973.7724,19.1
504858.382797,1301286.23612,26.5
504715.855798,1300453.70183,22.0
504216.745605,1299023.88128,24.0
503539.009967,1299657.22788,21.5
502058.906252,1299313.2294,22.5
505589.438151,1301575.93045,21.0
506837.829962,1300816.06398,21.5
505607.588142,1299838.51742,21.5
506410.016617,1300055.85178,32.0
505732.312404,1300399.581,18.8
504983.509522,1299422.15385,13.8
505589.861042,1299259.37582,17.2
506267.425945,1299711.95876,16.2
506695.330766,1300092.10899,19.9
507230.24494,1300363.70189,19.3
507996.822924,1301196.40488,12.1
507800.477442,1301956.47456,12.4
507194.388626,1301178.10761,17.9
506819.739593,1301974.33824,18.6
506124.162031,1302716.21343,18.3
505161.406142,1301992.1115,18.6
504804.662438,1302715.97753,15.5
505428.708262,1302951.35744,19.0
504305.280169,1303512.22001,12.2
504982.799025,1303783.79481,17.6
504679.612012,1304236.19992,10.6
504732.987493,1304978.23146,10.5
504215.937173,1304887.66497,10.0
503912.872265,1304561.85827,15.3
503591.972829,1304217.95444,7.5
503645.513114,1303801.70401,14.0
502771.851233,1303475.84614,18.3
502664.799557,1304254.05567,15.1
502700.367008,1305303.75023,12.0
503056.9981,1304905.62497,5.5
503609.800884,1304236.05467,7.5
502004.991597,1305647.56116,18.2
502236.720132,1306371.50295,17.9
501452.209069,1307167.77406,19.2
502504.118457,1306805.87931,11.6
503395.715813,1305340.01598,16.2
503877.214575,1304543.75559,15.3
504215.944675,1304833.37058,10.0
504519.038501,1304923.90462,10.5
505856.480773,1303838.24424,14.1
506355.747661,1303765.95157,9.6
506605.425063,1303530.72895,14.4
507372.346284,1302680.29279,13.4
506230.849463,1304182.18273,12.9
506319.940619,1304471.77114,8.2
506123.711981,1304960.38077,11.3
507139.932521,1305286.36822,11.6
507407.635422,1304218.64186,7.1
507889.242652,1303476.73918,10.0
508441.782347,1304237.00845,15.5
508013.65804,1304997.01492,10.1
507104.269148,1305304.45804,11.6
507068.429609,1306082.6701,12.4
507531.807654,1306806.70742,14.2
507977.344823,1307494.55123,13.6
508316.378798,1306408.75189,11.9
508316.566424,1305721.02196,11.0
508922.228381,1307549.10797,12.6
507923.841113,1307566.92995,13.6
507782.572219,1302246.03976,7.9
508353.066864,1302644.34884,6.7
508371.016926,1302209.99897,0.3
508638.57454,1301902.40548,1.4
508496.032651,1301504.20718,6.7
508906.026866,1301974.87465,1.1
507585.095401,1307603.04002,5.5
506498.063847,1305304.32287,9.3
505624.545247,1304598.32198,7.8
505517.70604,1303820.08302,9.1
505285.71299,1304960.22408,9.0
504839.943042,1305123.03332,3.6
504590.308621,1305249.68169,6.1
503930.518018,1305991.61326,3.2
503395.635195,1306063.94156,6.8
503270.796426,1306389.69453,6.5
503021.153794,1306769.7299,2.3
502593.234127,1307131.65353,0.5
502094.032679,1307185.90958,6.1
510009.75843,1307531.34789,18.6
510491.252863,1307151.44818,22.0
509296.870483,1306734.80224,12.5
510099.253831,1306463.58508,18.4
510616.575658,1305649.34338,19.3
509493.544512,1304943.14508,16.2
510403.104416,1304237.61383,17.5
510741.840108,1304346.32003,21.0
510759.963612,1303513.8118,18.9
509529.57134,1303766.77703,13.6
509351.371867,1303422.85742,7.7
509280.373424,1302355.0464,7.6
509761.818511,1302355.19633,12.7
510439.426524,1302301.12583,21.0
510617.991214,1301577.26252,23.0
510011.841775,1301178.8997,19.7
509405.426287,1301594.96379,15.4
510047.612698,1300853.1455,20.5
510493.553632,1300455.13683,26.0
509209.625667,1300436.62562,32.0
509976.549347,1300038.70776,36.0
509958.852017,1299622.44586,54.0
509370.615567,1298807.84657,92.0
510066.312905,1298210.83052,108.0
510334.415773,1296437.30922,278.0
510691.55146,1295170.56793,529.0
510763.267017,1294102.80875,535.0
509639.473604,1294482.4948,287.0
510424.693627,1293179.69295,406.0
510478.548242,1292166.22247,520.0
509747.456747,1291423.96458,446.0
505448.885381,1289721.69621,283.0
502844.410667,1290119.50157,203.0
501435.14215,1290897.61633,300.0
502594.473836,1292490.31413,250.0
501042.599831,1294082.84612,225.0
504913.435764,1291549.50138,256.0
507125.402413,1291079.38558,307.0
508159.556453,1292744.65732,283.0
506678.887652,1293703.49497,242.0
507819.915233,1295658.35039,215.0
508960.83941,1297468.46695,160.0
507159.675808,1297106.03287,107.0
505947.227695,1295621.73492,161.0
504145.955225,1295006.10641,156.0
504984.43464,1293721.27197,197.0
503289.943333,1294119.20033,191.0
501880.79089,1295802.19732,10.0
500346.977037,1295440.18129,141.0
503646.484491,1295639.47387,100.0
501042.522507,1296363.19629,91.0
501613.168477,1297630.0836,90.0
501862.791062,1298516.90221,69.0
502522.802227,1296435.67432,92.0
503699.809126,1297141.61703,65.0
504538.131728,1296399.70989,65.0
504966.016453,1297322.7762,60.0
505643.836395,1296671.36374,71.0
506285.696542,1297576.3908,76.0
507230.654912,1298626.2865,73.0
506338.996802,1298553.69694,44.0
505179.917049,1297974.34138,43.0
504234.748759,1297793.21584,50.0
503325.213956,1297829.29989,43.0
503967.155407,1298444.71001,34.0
502932.812415,1298408.39754,33.0
502683.105875,1298824.63,27.5
505554.286681,1298752.62346,21.5
499936.771015,1298317.76711,98.0
499829.764511,1297467.15928,103.0
499687.081919,1296526.06247,97.0
498474.299956,1296037.45197,125.0
498278.207791,1297684.38364,109.0
497689.763497,1298716.01128,108.0
496548.330115,1297865.50996,95.0
496797.936681,1297213.95324,93.0
497083.230055,1296634.78758,100.0
496565.981827,1296236.68432,121.0
494978.787254,1296888.43211,120.0
494194.44396,1298861.25841,108.0
493159.655284,1296816.3913,124.0
494193.732116,1295096.8652,173.0
492820.228827,1294373.23429,212.0
491161.258186,1293577.35324,266.0
492712.613721,1291839.53886,300.0
493140.276739,1289884.85908,334.0
494585.349806,1290753.27431,260.0
495085.238662,1293413.5947,285.0
496851.179875,1294680.22387,221.0
496886.611627,1292309.38233,207.0
496957.786926,1290553.87155,201.0
498759.428889,1290318.47302,302.0
498813.091467,1294155.24336,240.0
499918.92173,1292381.6171,285.0
489432.83272,1298536.7644,126.0
490466.761092,1297197.16848,130.0
490715.932633,1295513.97346,174.0
487987.941095,1297578.09795,133.0
488344.073342,1296130.11523,149.0
485722.901127,1297343.79295,140.0
485989.539776,1295425.27402,194.0
487648.081845,1295062.60181,200.0
484188.596802,1296258.65936,142.0
483083.671519,1297779.48868,105.0
482386.72334,1295300.44053,104.0
484865.493627,1294575.19767,221.0
482617.316523,1293056.14791,270.0
482277.20083,1290938.86949,320.0
484489.728219,1292168.34392,310.0
484132.04279,1290340.62492,307.0
486380.08446,1291280.64758,332.0
486380.988268,1293325.72423,274.0
488289.012128,1292039.98003,283.0
488682.15103,1293994.41952,264.0
490518.084637,1290120.82671,345.0
480744.954963,1293853.57724,209.0
480422.797179,1292116.3647,252.0
480421.327069,1289799.81423,280.0
477192.94296,1290363.07043,106.0
478192.427911,1291122.46729,129.0
476944.369331,1291919.69123,104.0
476909.277524,1292697.93615,106.0
477463.629184,1294615.92612,104.0
478658.169128,1293945.44398,135.0
479675.529714,1294994.44541,103.0
479676.307562,1296170.82253,120.0
477536.480713,1296679.06074,106.0
480943.398692,1297473.07509,117.0
479660.127785,1298668.37637,108.0
477965.630774,1298235.19124,96.0
476075.248514,1298236.60749,88.0
475235.818284,1296698.92795,77.0
477250.602877,1295973.44332,92.0
475305.819161,1295033.84025,77.0
475929.373668,1294146.53672,90.0
475821.574799,1293151.22378,81.0
475945.48546,1291938.55261,80.0
476461.666801,1290490.30609,92.0
475801.110821,1289803.08933,70.0
474644.050396,1292790.20794,62.0
473894.667042,1292519.36167,55.0
475005.23468,1298255.55897,39.0
474683.225801,1297043.24405,35.0
474396.893021,1295867.09953,46.0
474324.403657,1294491.69906,47.0
474840.966902,1293658.7573,43.0
473609.815365,1293153.03966,44.0
473038.737252,1292809.66926,45.0
473698.195834,1292211.86028,46.0
474483.142861,1292337.88734,26.5
474000.987682,1291686.75738,39.0
475124.553329,1291432.45674,42.0
475284.194284,1290310.24557,43.0
474713.587571,1290582.17943,26.0
474803.591914,1291577.50229,22.0
473412.392741,1291741.55375,20.5
473197.240751,1290474.87039,25.0
473949.556523,1294148.14906,25.0
474290.517957,1296627.31203,27.0
474845.012483,1298599.55578,21.0
473625.438093,1290564.99212,14.0
473376.389396,1291361.52386,4.0
473786.33624,1290981.11194,0.2
474607.213494,1291378.58401,8.6
474696.23915,1291179.43151,15.2
474392.423835,1290491.95368,6.7
474213.632497,1290003.45343,3.5
473999.493119,1289913.14245,5.1
474684.80889,1298961.65176,17.0
474577.253314,1298292.10712,16.0
474363.368868,1298437.0708,7.5
474095.679821,1298220.11724,2.4
474148.861061,1297840.01006,1.8
473809.674149,1297442.13722,3.6
474041.489303,1297405.74388,6.7
473809.365317,1297080.17347,0.2
473790.990196,1296446.75233,3.7
473630.367608,1296320.20246,0.3
474380.371363,1297441.65553,15.0
473915.419391,1295957.99536,14.0
473575.866913,1295161.96539,7.5
473736.263798,1295017.04256,10.0
473825.057242,1294564.51255,16.0
473253.063975,1293135.24927,12.8
473214.607971,1289931.9115,8.3
472733.076243,1290059.01991,1.9
472219.77089,1294511.62578,15.6
472344.281346,1294131.45171,25.5
472236.562068,1293353.32697,7.9
472450.456514,1293190.2513,27.0
472432.247177,1292774.00972,18.7
472681.419827,1292158.45031,45.0
472752.257423,1291579.24674,46.0
472145.808108,1291615.98491,43.0
472537.73764,1291054.59075,28.0
471860.884135,1292141.09036,26.5
471272.503255,1292413.1058,12.9
471254.328407,1292051.15923,34.0
471200.562444,1291779.73683,28.0
471128.703686,1291236.85896,22.0
471021.455129,1291001.68338,14.3
470613.129525,1293047.16422,17.9
470594.964391,1292703.31591,23.5
470201.796114,1291925.47147,8.1
470379.736782,1291472.84544,1.7
469952.882352,1292758.23005,13.5
469454.216591,1293536.94353,9.0
469346.962689,1293301.77333,12.7
469062.193064,1293917.39767,8.0
469133.048681,1293428.67454,6.2
469435.697421,1292849.22986,7.1
469025.191376,1292596.26494,6.2
468240.766508,1292995.22448,4.8
468222.593511,1292669.47517,0.5
468739.558061,1292361.27664,2.3
469363.719557,1292215.86418,27.0
468525.140772,1291999.53063,5.2
467972.309349,1292126.78762,8.8
469006.371491,1291618.98076,13.3
468524.346375,1291221.30854,12.0
467578.648591,1290950.81488,0.1
468220.597574,1290732.96849,7.0
468469.98174,1290388.84693,17.1
468862.445767,1290406.54669,8.7
468594.353741,1289900.06902,9.2
468897.119938,1289411.1117,13.0
469307.291127,1289284.01422,3.3
470180.951324,1288812.60653,3.2
470394.953965,1288740.00818,0.2
469556.503184,1288740.82274,6.8
468076.600249,1289484.34157,6.2
468343.609952,1288923.02311,4.7
467665.394657,1288616.05617,3.6
467986.111694,1288235.66056,5.3
467327.458823,1289575.61595,9.3
466631.955366,1289775.4399,0.5
466095.995835,1289052.09495,0.9
466434.509126,1288653.56479,5.5
466648.328986,1288418.05671,6.9
466291.299918,1288201.26553,1.2
465863.146053,1288201.73529,6.7
466219.189762,1287513.61265,0.9
467093.49104,1287639.35756,0.5
466718.207411,1287042.51895,0.6
465951.10966,1287079.54982,1.4
465559.14474,1287550.53687,6.2
465042.169573,1287894.98288,0.8
465184.155771,1287243.28705,2.9
464987.195753,1286610.072,1.7
464185.537942,1287624.48959,0.9
463970.23451,1286575.04243,0.1
472516.470654,1287199.70931,1.3
472422.859102,1282240.92006,1.1
472351.196849,1281915.21893,1.1
471904.705842,1281463.16822,1.4
472154.564053,1281517.23753,9.7
472332.999127,1281517.0782,14.0
472172.034973,1281100.96697,4.1
472510.762179,1280756.80308,28.0
472744.034681,1282240.63661,3.3
472797.865076,1282584.45226,0.6
473352.035438,1283796.5409,3.0
473370.219406,1284194.6825,5.3
473210.251602,1284900.64471,5.8
473014.19936,1285136.08967,0.2
473050.385883,1285715.19659,0.4
473069.045396,1286656.2807,3.7
472765.708396,1286602.2518,3.0
472873.211847,1287127.00213,16.4
473747.830309,1287651.09235,8.5
473605.682182,1288320.84291,8.6
473517.306302,1289280.11819,8.5
473784.753401,1289117.00709,14.0
473944.60357,1288284.35922,17.8
474408.343023,1288175.38332,3.3
474461.637767,1287903.86795,11.7
473461.925208,1287108.39356,15.9
473122.315633,1286366.66502,16.5
473371.105423,1285226.27132,16.0
473530.163959,1283452.5255,15.1
473119.41303,1283018.52536,12.3
472815.090329,1281878.61355,28.0
473565.509648,1283054.33841,21.0
473798.410986,1284176.21978,26.0
474013.51572,1285370.5105,28.5
473925.482624,1286764.13595,26.5
474175.551203,1287125.88787,26.0
474729.234835,1287903.64812,22.0
474712.046399,1288699.97802,24.5
474123.575267,1288971.93663,27.5
474231.093524,1289550.9861,15.5
474765.948699,1289170.4844,40.0
475764.425446,1288518.15407,48.0
475104.103799,1288192.91335,41.0
474978.318713,1287070.93414,38.0
474317.657615,1286383.74855,45.0
474780.911154,1285641.34729,36.0
474833.244389,1284175.36289,48.0
474172.489517,1283451.98432,44.0
474403.783822,1282655.47932,47.0
473403.903395,1281860.006,39.0
475084.879669,1286473.61199,61.0
474958.708025,1284881.08497,54.0
474974.127311,1281876.79979,65.0
475653.675607,1283794.64949,70.0
476154.703658,1285676.45555,72.0
476351.992109,1287033.65782,73.0
476210.007466,1287992.96389,65.0
476710.201773,1288897.48645,86.0
478351.611105,1289185.86182,184.0
477815.297361,1287593.61353,174.0
476922.570861,1286616.97203,116.0
478545.393127,1285656.6097,157.0
477082.144642,1285277.59896,145.0
477116.959028,1284101.20198,174.0
476830.393224,1282635.47609,113.0
476614.999354,1280934.42629,176.0
475579.973825,1280826.63387,125.0
477543.307707,1281530.97529,246.0
478507.880003,1283014.32755,271.0
478366.199358,1284534.65762,236.0
479651.526586,1285637.76543,286.0
478992.254471,1286886.9687,241.0
479635.233545,1287990.51849,255.0
481631.657984,1285256.47049,359.0
480488.860421,1283736.93826,335.0
479613.383153,1281891.50788,241.0
481882.51565,1287102.31788,346.0
482579.180391,1288694.54223,357.0
482682.63574,1282287.80048,455.0
483540.076589,1284133.32458,441.0
484112.046942,1286141.90004,412.0
484915.70021,1287824.60996,400.0
486397.188373,1289615.6235,306.0
487502.602957,1288167.31789,327.0
489857.309276,1287822.59457,382.0
487180.868737,1286665.31839,401.0
489089.607401,1286139.74642,411.0
490623.75985,1285650.59979,403.0
487126.625503,1284927.93785,404.0
488482.15593,1283805.33323,424.0
486376.292761,1282666.01722,475.0
490087.47221,1282338.84878,440.0
488142.155107,1281181.26506,475.0
485842.456913,1285833.39533,512.0
485448.95482,1283698.01987,550.0
484662.649897,1281164.68885,609.0
492015.972349,1288039.13735,301.0
491782.924596,1283768.08768,415.0
491942.738021,1280818.09047,441.0
493745.952329,1285758.39971,386.0
493620.42576,1282645.58629,417.0
495083.782014,1284256.03227,401.0
495780.020236,1287260.18337,302.0
497296.553039,1288744.04449,258.0
499205.317171,1287658.06023,340.0
499472.873558,1285269.12941,397.0
497831.382407,1283803.27118,355.0
496671.485831,1282265.05404,402.0
499597.718186,1281902.92097,412.0
500685.990367,1289033.50098,335.0
502255.939505,1287440.95712,262.0
502666.376381,1286065.54768,250.0
501381.928266,1284183.28186,444.0
503326.852001,1282627.01135,470.0
504754.035417,1284147.4196,352.0
505949.094279,1285939.31883,295.0
504450.212025,1287712.66396,225.0
505466.720796,1289739.79732,283.0
508642.059776,1289505.24909,367.0
508732.229446,1286048.566,410.0
505859.886845,1285957.39974,295.0
504861.092075,1284111.2404,352.0
507448.243605,1283767.8936,406.0
506163.967766,1281994.01909,462.0
508785.741423,1286084.77699,410.0
508554.974744,1281867.90023,527.0
503969.281798,1281903.17187,536.0
510444.465281,1287460.73588,305.0
509838.81564,1284601.0636,425.0
510481.510253,1283424.9097,534.0
510125.549619,1280710.10781,785.0
510679.074612,1279642.51843,1370.0
510572.419582,1278429.92544,868.0
510501.258559,1277778.37883,1004.0
510466.077558,1276258.14876,854.0
509949.402771,1273525.21052,516.0
510574.545114,1272149.98357,1092.0
508912.895094,1278176.03677,773.0
508503.484246,1274393.47816,808.0
508361.188462,1272583.66105,757.0
508772.03257,1271407.41828,707.0
507325.036095,1276601.11216,759.0
507377.867728,1279587.26745,744.0
504540.528511,1280075.36621,541.0
506271.872226,1277795.33897,705.0
505540.683093,1275116.72435,685.0
502631.37079,1278084.38431,508.0
501525.006062,1277179.41964,500.0
500989.659482,1276292.60549,505.0
502595.95713,1274754.38514,547.0
503363.540991,1273324.73372,614.0
503560.007189,1272112.20518,502.0
501114.744426,1271786.26312,582.0
500561.394371,1273686.51339,492.0
504398.935154,1271840.8454,1000.0
505701.850448,1272130.61964,1015.0
506469.0347,1273632.88394,1041.0
507218.306333,1275098.96909,1026.0
495332.987652,1280401.14626,438.0
498170.177309,1280346.55647,422.0
492905.871601,1278935.67899,456.0
496028.612134,1278120.7219,455.0
499454.90733,1278138.57148,476.0
498152.097215,1276365.03571,469.0
495582.274842,1276672.95641,467.0
492209.434773,1276981.27917,483.0
495367.780572,1274374.56706,482.0
498116.263875,1274030.42281,473.0
499722.549775,1274012.26953,505.0
498116.170176,1272474.01468,535.0
496224.097002,1271388.32027,585.0
495171.282809,1273234.43666,526.0
492315.700279,1273687.45222,533.0
493725.287024,1271732.57839,570.0
489961.57319,1279244.1523,483.0
486249.88141,1279245.57,550.0
483233.923995,1278866.99187,584.0
485767.240163,1277417.90171,603.0
488676.079911,1277380.51415,540.0
483285.85847,1275880.81379,555.0
485766.373553,1275517.62768,666.0
487854.162108,1274774.73525,604.0
490263.655827,1275153.94572,538.0
484462.646955,1273690.3672,695.0
488763.857017,1273344.66822,600.0
490566.02895,1271751.46819,571.0
488316.919971,1271372.17279,628.0
486175.338542,1272096.95618,678.0
484551.868428,1273654.12735,695.0
483390.756733,1271772.54836,676.0
473581.090836,1280393.91526,39.0
473383.536511,1278910.04719,43.0
472899.409677,1276250.06037,43.0
474687.161876,1280067.23176,74.0
473631.177852,1276321.8255,68.0
472951.350894,1274404.02318,62.0
475043.134119,1278926.77127,121.0
474685.014831,1277424.92849,103.0
474308.68826,1275524.95061,177.0
474040.698764,1275181.31116,82.0
474129.589714,1274764.98473,151.0
473950.1663,1273624.96373,192.0
473520.558727,1272141.29438,142.0
473717.838171,1273263.19944,81.0
474700.441177,1274438.75462,239.0
474859.178706,1272085.89751,205.0
476128.768344,1275125.3522,310.0
476287.430412,1272537.23085,303.0
475897.943179,1276663.85375,210.0
476719.991656,1278165.35879,201.0
477791.875441,1279793.3919,278.0
479628.975402,1278452.88849,445.0
481146.768928,1280026.45211,466.0
478144.492636,1273694.14364,442.0
478303.744235,1271703.26688,542.0
480000.178037,1272914.69403,532.0
481410.842227,1273999.6955,686.0
479823.376354,1275520.90137,534.0
481483.992636,1276967.70333,606.0
472581.515911,1280050.91769,34.0
472100.010626,1280377.11015,1.5
471956.898494,1279979.08216,3.5
471778.192,1279689.67525,1.5
472063.753682,1279743.71174,12.5
471777.814687,1279273.42104,2.5
471723.935236,1278893.41149,0.2
471919.887871,1278513.17595,9.6
472276.840814,1278567.15033,29.0
472276.518797,1278205.19051,43.0
471580.481801,1278133.42538,1.5
471062.997105,1278170.09756,1.2
471151.805606,1277717.56485,7.9
470955.452328,1277663.4531,0.7
471151.520973,1277409.89893,1.3
471240.433289,1277065.9547,1.2
471150.516924,1276324.01969,21.0
470846.957439,1276143.32173,0.8
471757.625222,1276685.42428,41.0
471561.976042,1277409.52195,27.0
470507.342035,1275582.60271,3.6
470489.11896,1275184.46403,16.0
471060.211075,1275165.83182,22.5
472059.619285,1275128.72613,42.0
469988.98135,1274750.58851,0.2
470220.85972,1274605.58278,9.6
470970.302843,1274441.99595,32.0
470345.277156,1274062.52493,14.0
470237.725383,1273573.98162,2.8
470326.708303,1273302.42746,5.1
470523.038846,1273302.24188,23.0
471058.41869,1273229.35025,43.0
470219.240016,1272904.37414,4.2
469969.031669,1272560.75173,0.4
470254.575814,1272524.2832,15.9
469861.713248,1272325.58123,7.4
469683.032562,1272126.67603,0.4
470218.499799,1272126.16228,26.5
470914.623713,1272143.60603,43.0
469879.005119,1271746.42968,16.1
469682.349524,1271420.85602,0.2
470057.098598,1271330.00592,29.5
470985.985722,1272107.34394,43.0
463881.184609,1271318.41704,10.2
465916.099695,1271388.52999,10.3
462899.035629,1270957.60303,15.7
463184.0992,1270504.81556,4.8
463773.753189,1271028.97223,24.5
463969.163268,1270214.33515,6.1
464986.617625,1270213.18296,2.9
464700.609229,1269851.54306,2.6
464324.807101,1269019.45907,2.0
464395.881818,1268729.81016,3.2
464841.263606,1267932.99635,5.4
464804.770631,1267227.21546,4.2
464911.55815,1266937.52834,7.1
465517.353511,1265869.07818,4.6
465371.927851,1263498.40614,6.0
464818.033747,1263118.96229,9.8
464442.66937,1262739.32622,2.9
467022.361232,1271007.28836,1.3
466754.598217,1270989.47318,5.9
466896.955536,1270573.06863,6.7
467860.382655,1270119.61701,8.4
467966.873432,1269522.27512,9.0
468430.20169,1268743.59361,4.6
468626.995051,1269177.74719,3.4
468680.889949,1269521.55449,6.5
468949.326623,1270209.01006,4.1
469217.911806,1271059.34945,3.9
469360.301209,1270642.95687,17.0
469002.250882,1269575.52931,15.3
467573.416483,1268798.76046,11.7
467039.411856,1270247.15476,13.3
466040.006371,1270429.2009,16.1
465166.043113,1271045.49219,19.5
465289.928581,1270086.15977,11.9
465681.582642,1269126.53478,17.3
464931.510395,1268819.69752,16.0
465235.315654,1269127.02576,20.3
465144.837183,1268023.14815,16.8
465143.131896,1266484.82138,20.3
465658.851582,1264656.3606,19.8
465445.387254,1265362.41418,14.1
465783.038197,1263932.30787,17.1
465817.902001,1263154.05898,16.8
464584.996269,1262286.71767,16.9
465084.623978,1262014.69223,29.0
465674.636364,1262756.06013,27.0
466085.635085,1263081.37834,24.0
466586.374213,1263859.05456,26.0
465801.245223,1264258.051,26.5
465214.600662,1266539.03621,20.3
465465.305774,1267244.58104,26.0
465912.875312,1268420.46125,22.0
464826.819587,1270973.47886,22.5
464041.393715,1270938.17385,36.0
464594.590317,1270810.85797,30.0
465058.441319,1270593.16131,32.0
466253.621438,1269886.03035,23.0
466609.855957,1269161.72978,20.3
467110.185864,1269649.84702,24.0
466859.020069,1268455.64477,30.0
467091.804239,1269143.12293,32.0
467305.220649,1268382.78534,36.0
467431.661306,1269812.39354,20.0
467143.747305,1267604.74149,18.4
467286.276967,1267333.12354,22.0
468590.135567,1268019.51551,0.7
468821.537761,1267349.66156,25.5
469251.766061,1269177.12906,21.0
469484.844525,1270226.58248,23.0
470073.928803,1270262.21083,39.0
469715.846568,1269140.48209,41.0
469608.357538,1268742.43139,42.0
469249.870866,1267240.65219,46.0
467410.413547,1266536.68505,34.0
465910.363889,1266103.92356,34.0
466944.301299,1264673.08379,34.0
467192.664029,1263152.5994,35.0
467995.288138,1262355.46781,50.0
468961.28188,1264236.68291,55.0
470138.320854,1262878.20576,73.0
470533.175996,1265085.77432,81.0
468570.421339,1266155.44849,57.0
470641.694345,1266587.79753,85.0
470732.65637,1268415.60103,74.0
470894.674493,1269881.38199,63.0
472127.317123,1270984.23576,66.0
470573.846671,1270388.42342,50.0
472483.132804,1269644.67595,100.0
472214.289403,1268414.25557,170.0
471713.467947,1267310.73099,151.0
471373.249455,1266170.87207,83.0
471015.903918,1265845.43726,107.0
471497.576329,1265464.94213,89.0
471389.737011,1264668.73376,111.0
471389.063463,1263926.72216,206.0
470584.253021,1262425.34063,107.0
471870.431212,1263166.17956,160.0
471530.895448,1262822.62513,225.0
472444.052889,1265789.86112,302.0
472840.326505,1269861.5396,185.0
473177.609277,1267671.4053,287.0
473299.729064,1264323.19849,380.0
473602.220079,1263110.38949,358.0
474441.415693,1263182.08971,605.0
474514.323867,1265028.00808,506.0
474514.909728,1265751.92087,412.0
475714.746314,1270565.00017,389.0
475999.580449,1269569.39821,444.0
475159.17088,1267742.16823,364.0
475461.711563,1266547.47313,30.0
475981.259364,1268954.08505,500.0
476052.220351,1268374.89964,605.0
477085.703824,1265804.23814,666.0
476334.48827,1263922.6222,655.0
478601.917284,1263975.29509,772.0
481278.986502,1262380.99088,862.0
481407.546654,1268443.66486,794.0
478445.292501,1269893.38427,638.0
480944.984288,1271013.83154,720.0
481959.200699,1265439.1128,592.0
483264.876871,1270017.12806,744.0
483172.36407,1263918.23111,853.0
484653.467966,1262415.36543,758.0
484227.611676,1267700.11382,757.0
485871.077383,1270251.11723,705.0
485333.530227,1265853.60825,746.0
487172.909162,1267300.62354,699.0
488798.19462,1269544.12268,640.0
487761.262158,1265382.03009,683.0
487831.98068,1263590.32992,646.0
489814.787993,1266865.31139,634.0
490527.735888,1263136.96305,611.0
491171.006072,1265037.03328,615.0
491921.504765,1267697.1947,610.0
492743.172097,1269904.9174,600.0
494385.101859,1268402.46904,640.0
493902.613513,1265742.19595,626.0
494027.154573,1263498.05975,681.0
496866.02677,1264981.65881,765.0
495955.828443,1267262.07174,650.0
496170.319776,1269506.16181,650.0
498169.608936,1270646.13875,773.0
498490.761675,1267750.4859,782.0
499347.571904,1265470.14699,857.0
499918.860103,1268745.82394,1064.0
498222.760779,1263624.22788,1006.0
496794.352613,1262393.70012,1113.0
497080.110824,1263370.94572,1000.0
502203.60639,1270664.26049,525.0
500436.523414,1269107.78127,714.0
501079.201564,1267279.92788,758.0
500793.605968,1266175.95996,1144.0
501632.69184,1265452.08488,856.0
500597.262476,1264619.5551,1189.0
501954.199568,1262827.94144,1235.0
503560.813401,1264999.80185,1206.0
503007.189334,1266972.39224,1128.0
503274.662097,1269868.05361,1119.0
504167.005663,1271044.5126,1041.0
503953.055446,1269126.12482,879.0
505309.623158,1269506.37729,1097.0
504399.462975,1268076.51641,1104.0
504917.792802,1263914.12394,973.0
504917.450943,1266103.94337,660.0
505363.868494,1265434.40171,1083.0
506381.916507,1263190.47954,856.0
506149.665461,1263968.63317,1052.0
506452.961203,1265000.26154,824.0
506988.279136,1266194.82355,744.0
506024.124168,1266936.63,844.0
507594.896292,1267660.87869,727.0
507683.785175,1269163.0117,681.0
507165.788554,1270628.80635,524.0
508755.555937,1266484.82896,522.0
508720.162912,1265362.76149,866.0
508077.753486,1264258.63112,1265.0
508542.348263,1262738.54881,105.0
509040.749772,1268005.1181,1101.0
509557.984721,1269471.18803,645.0
509879.083934,1270122.80653,1000.0
509968.183741,1270593.37645,905.0
510182.602238,1269905.73051,1184.0
510254.486939,1268421.73867,960.0
510576.197927,1267245.49265,1086.0
510219.77314,1265381.31015,1097.0
508095.597383,1264294.83107,1265.0
510452.588678,1263173.46798,1813.0
508506.630396,1262774.7345,1025.0
509132.060639,1260910.85029,1817.0
510507.648218,1258667.16988,1929.0
510383.655382,1255608.63228,1986.0
510509.027298,1254504.72048,2011.0
509545.336251,1252242.22034,2048.0
503205.118582,1251553.24421,1423.0
506491.499459,1251173.69628,1099.0
507759.603871,1251155.88238,2018.0
508776.863061,1254033.65781,2000.0
508062.472412,1254160.15155,1946.0
508561.906433,1256440.57791,1937.0
507221.991906,1259046.3,1214.0
506365.279236,1257145.86723,1044.0
504686.918733,1255679.67025,1322.0
505133.6765,1253779.49473,1483.0
501829.768276,1253362.88924,1293.0
500651.012831,1255317.37947,1266.0
501883.143408,1256783.3324,1264.0
503597.27939,1258321.77619,1288.0
507275.568635,1259010.11703,1214.0
505614.743919,1260149.92911,1033.0
505864.509519,1261290.12552,967.0
506293.069559,1261073.03626,1000.0
504257.522995,1261651.82093,1102.0
502240.054599,1260131.4124,1247.0
499954.546814,1258647.32879,1223.0
499668.876671,1261651.53573,1242.0
496972.643594,1259769.52552,1080.0
495097.563131,1258285.7561,1084.0
498168.824981,1257145.2811,1206.0
495954.442333,1256439.6804,1087.0
495186.381705,1255227.24983,1140.0
497329.317397,1254539.2898,1212.0
499418.752912,1253000.89101,1258.0
495829.044633,1253435.50033,1115.0
494221.840246,1254159.65413,1070.0
495114.962502,1255317.74861,1140.0
495918.722481,1256403.4898,1087.0
493847.094685,1255661.82299,951.0
492525.403619,1254829.61802,1038.0
490971.445451,1253888.94773,1019.0
491525.01796,1253671.6245,1000.0
492417.807924,1252965.59423,970.0
491757.811758,1256078.54133,937.0
492079.424084,1256766.16804,1156.0
492401.135377,1257924.33599,876.0
493883.600275,1259751.87433,923.0
492312.572588,1260892.36825,765.0
494794.552652,1261633.86528,782.0
491363.607754,1251174.20554,989.0
492524.544571,1251173.91197,1013.0
493238.98247,1251246.14248,995.0
493703.58148,1252386.1922,1017.0
496203.869457,1251589.50423,1123.0
498775.738245,1251136.86339,1219.0
490363.892371,1252748.97933,927.0
487755.903578,1251519.24146,844.0
484969.843563,1251864.28844,563.0
483077.304904,1253077.77749,885.0
486310.223819,1253872.51583,734.0
488560.603788,1254251.67561,835.0
490167.984266,1254522.60134,4052.0
488382.670745,1256043.40234,803.0
484775.392409,1256063.0257,787.0
483615.407576,1257565.70821,821.0
485419.499023,1258723.07639,735.0
488079.801766,1257943.76477,707.0
490561.655953,1257146.63319,810.0
490098.075577,1259408.97759,693.0
488777.545138,1261689.72297,640.0
486813.033561,1260496.03565,706.0
482367.109759,1260606.78882,870.0
481560.145779,1254635.01713,925.0
480882.627418,1256481.37854,918.0
479416.094825,1253079.93604,874.0
477595.43761,1254528.97981,844.0
478615.143868,1257134.34307,857.0
480259.188061,1259015.43644,883.0
478707.230972,1261296.75602,805.0
475743.292311,1261280.79471,552.0
474599.380077,1259797.67594,605.0
474616.031361,1258295.54852,530.0
474274.331859,1255309.69731,600.0
474683.301179,1253083.35085,700.0
475971.753698,1256466.62073,788.0
472808.364676,1253464.95048,475.0
473705.009392,1257898.14103,363.0
473760.05014,1259671.67657,500.0
473814.96693,1261300.43175,354.0
473360.703881,1251908.08038,534.0
476432.163232,1251217.94774,825.0
480540.307349,1251540.93044,902.0
472628.08929,1251510.55232,387.0
472057.235231,1252289.24967,197.0
471949.134039,1251221.57975,101.0
470824.191358,1251530.25144,74.0
471968.349219,1252759.86855,87.0
469984.438742,1251205.27257,43.0
469931.215314,1251585.3752,12.8
470056.698477,1252073.89591,42.0
469967.636296,1252327.34822,11.5
470110.721089,1252544.38646,47.0
469753.865506,1252906.67869,23.5
469414.442607,1252816.51441,34.0
469110.368577,1252346.26642,13.3
469020.680572,1251948.20295,7.9
468645.132463,1251459.93114,16.0
467574.527696,1252474.47853,50.0
468288.352764,1251894.63066,33.0
468216.188856,1251170.79215,20.0
467894.749543,1251225.40775,18.3
467502.14532,1251551.56571,22.0
467484.580412,1251841.14802,30.0
466770.541547,1252203.84098,44.0
465967.77992,1253091.48173,39.0
466430.16712,1251226.91742,41.0
465251.770254,1251608.23491,57.0
472488.069943,1254822.55585,360.0
471884.340985,1258732.20251,303.0
471726.237851,1261646.09047,272.0
471064.631162,1260578.91779,165.0
470725.528506,1260742.11042,100.0
471421.314738,1260108.05017,200.0
470616.513793,1258715.25592,79.0
471008.677591,1257972.88471,117.0
470828.759486,1256507.12905,115.0
470810.51876,1256090.89695,88.0
470809.719897,1255222.20471,104.0
471273.107109,1254190.21014,138.0
471057.826601,1253122.63852,77.0
469540.362808,1253757.47722,75.0
469827.951069,1255693.66475,79.0
469775.859459,1257250.12458,76.0
469348.578916,1258589.77322,69.0
469813.954865,1259747.58685,74.0
470190.379824,1261285.54571,80.0
468512.34618,1261631.03291,70.0
468279.142695,1260545.39424,63.0
467884.044091,1258301.65923,61.0
467864.755941,1256890.04774,67.0
468006.028907,1255315.39496,76.0
466362.551799,1254846.55003,61.0
467093.541821,1253669.42674,56.0
465985.639653,1253091.46263,39.0
465199.771592,1253056.11706,53.0
464146.473509,1253437.34158,32.0
464879.475266,1254124.24143,40.0
465487.945254,1255281.83653,37.0
466917.908024,1256510.96683,46.0
465880.96852,1255408.09664,50.0
467383.663045,1257922.11578,41.0
467100.321312,1260202.73933,41.0
466334.06775,1261651.37734,32.0
465138.16815,1261996.53515,29.0
466047.941904,1261235.43178,26.5
464476.789985,1261327.64872,23.0
466510.201387,1259370.85632,22.0
467026.918713,1258302.53994,28.0
466722.15598,1257162.69395,24.0
466150.003266,1256493.67918,24.0
465541.913653,1255643.73484,30.0
465167.087824,1255825.12251,20.0
464862.677002,1255083.44593,26.5
464040.196426,1254215.66926,23.5
464219.725373,1255047.96811,13.0
463755.131633,1254813.22265,5.8
463719.765494,1255120.92683,3.1
463934.562387,1255555.03107,9.5
464452.637677,1255717.32749,14.8
464845.840518,1256006.45535,7.8
465131.570258,1256006.14009,10.0
465202.744712,1255770.78983,20.0
465435.217173,1256060.10145,16.0
465453.410251,1256367.74519,6.0
466114.287632,1256493.71731,24.0
466186.008322,1256765.10851,14.5
466454.332781,1257199.17191,9.8
466561.801825,1257506.72184,11.0
466241.219945,1258303.36764,5.2
466652.307335,1258664.88939,12.0
466152.729163,1259045.47484,3.8
465903.090791,1259371.50464,0.5
465671.431454,1259806.10446,6.0
465511.063306,1260113.94314,7.5
464743.264296,1260114.78976,0.3
465028.516814,1259716.31915,1.1
464850.881891,1260549.01985,12.2
463868.764201,1260495.83321,9.3
463797.797798,1260894.06892,10.0
463744.646947,1261256.08861,14.0
464334.684712,1261979.33447,4.9
463405.817979,1261618.43818,3.7
462762.697619,1261329.62243,2.4
463137.54997,1261238.6931,5.3
463262.178604,1260930.88286,4.9
463476.338328,1260840.14494,5.0
463475.982854,1260532.4804,1.5
463344.441834,1254867.98757,4.2
463004.703526,1254506.42387,15.0
462986.33862,1254072.09624,27.0
463020.962561,1253130.96682,32.0
463340.499656,1251447.49711,61.0
